Role,Name,Email,Password
Admin,System Administrator,admin@arinze.com,admin2026
Clinician,Dr. Almeta Carter,almeta.carter@arinze.com,almeta2026
Clinician,Dr. Cecille Halvorson,cecille.halvorson@arinze.com,cecille2026
Clinician,Dr. Dinah Schaefer,dinah.schaefer@arinze.com,dinah2026
Clinician,Dr. Dong Oberbrunner,dong.oberbrunner@arinze.com,dong2026
Clinician,Dr. Eleonora Langosh,eleonora.langosh@arinze.com,eleonora2026
Clinician,Dr. Ellan Jacobi,ellan.jacobi@arinze.com,ellan2026
Clinician,Dr. Esperanza Escobedo,esperanza.escobedo@arinze.com,esperanza2026
Clinician,Dr. Franklin Bayer,franklin.bayer@arinze.com,franklin2026
Clinician,Dr. Ingrid Jacobson,ingrid.jacobson@arinze.com,ingrid2026
Clinician,Dr. Jerold Spencer,jerold.spencer@arinze.com,jerold2026
Clinician,Dr. Jodie Wintheiser,jodie.wintheiser@arinze.com,jodie2026
Clinician,Dr. Lesley Fisher,lesley.fisher@arinze.com,lesley2026
Clinician,Dr. Leslie Crona,leslie.crona@arinze.com,leslie2026
Clinician,Dr. Louetta Thompson,louetta.thompson@arinze.com,louetta2026
Clinician,Dr. Ludivina Steuber,ludivina.steuber@arinze.com,ludivina2026
Clinician,Dr. Margaret Herzog,margaret.herzog@arinze.com,margaret2026
Clinician,Dr. Melvina Glover,melvina.glover@arinze.com,melvina2026
Clinician,Dr. Nicolás Jiménez,nicols.jimnez@arinze.com,nicols2026
Clinician,Dr. Reginald Bruen,reginald.bruen@arinze.com,reginald2026
Clinician,Dr. Robbie Friesen,robbie.friesen@arinze.com,robbie2026
Clinician,Dr. Russel Walker,russel.walker@arinze.com,russel2026
Clinician,Dr. Stefania Leffler,stefania.leffler@arinze.com,stefania2026
Clinician,Dr. Terrell Fadel,terrell.fadel@arinze.com,terrell2026
Clinician,Dr. Vicente Kilback,vicente.kilback@arinze.com,vicente2026
Clinician,Dr. Wilfredo Medhurst,wilfredo.medhurst@arinze.com,wilfredo2026
Patient,Abel Dooley,abel.dooley@gmail.com,abel2026
Patient,Abraham Koss,abraham.koss@gmail.com,abraham2026
Patient,Adelaida DuBuque,adelaida.dubuque@gmail.com,adelaida2026
Patient,Adriana Hintz,adriana.hintz@gmail.com,adriana2026
Patient,Agueda Gerhold,agueda.gerhold@gmail.com,agueda2026
Patient,Ahmed Beatty,ahmed.beatty@gmail.com,ahmed2026
Patient,Ahmed O'Reilly,ahmed.oreilly@gmail.com,ahmed2026
Patient,Aisha Kassulke,aisha.kassulke@gmail.com,aisha2026
Patient,Akiko Pfannerstill,akiko.pfannerstill@gmail.com,akiko2026
Patient,Alanna Daugherty,alanna.daugherty@gmail.com,alanna2026
Patient,Alayna Beier,alayna.beier@gmail.com,alayna2026
Patient,Alberta Waters,alberta.waters@gmail.com,alberta2026
Patient,Alexander Klein,alexander.klein@gmail.com,alexander2026
Patient,Alexander Kovacek,alexander.kovacek@gmail.com,alexander2026
Patient,Alexander Robel,alexander.robel@gmail.com,alexander2026
Patient,Alexandria Hilll,alexandria.hilll@gmail.com,alexandria2026
Patient,Alla Cummings,alla.cummings@gmail.com,alla2026
Patient,Allison Howell,allison.howell@gmail.com,allison2026
Patient,Allyson Gibson,allyson.gibson@gmail.com,allyson2026
Patient,Almeta Marvin,almeta.marvin@gmail.com,almeta2026
Patient,Alycia Muller,alycia.muller@gmail.com,alycia2026
Patient,Alysia Robel,alysia.robel@gmail.com,alysia2026
Patient,Alyssa Hudson,alyssa.hudson@gmail.com,alyssa2026
Patient,Amado Botsford,amado.botsford@gmail.com,amado2026
Patient,Amee Hessel,amee.hessel@gmail.com,amee2026
Patient,Amy Prosacco,amy.prosacco@gmail.com,amy2026
Patient,Ana Bonilla,ana.bonilla@gmail.com,ana2026
Patient,Andera Lindgren,andera.lindgren@gmail.com,andera2026
Patient,Andre Grant,andre.grant@gmail.com,andre2026
Patient,Andrea Collins,andrea.collins@gmail.com,andrea2026
Patient,Angel Jacobi,angel.jacobi@gmail.com,angel2026
Patient,Angelo Conroy,angelo.conroy@gmail.com,angelo2026
Patient,Angelo Runte,angelo.runte@gmail.com,angelo2026
Patient,Anh Schaden,anh.schaden@gmail.com,anh2026
Patient,Anja Jakubowski,anja.jakubowski@gmail.com,anja2026
Patient,Anna Davis,anna.davis@gmail.com,anna2026
Patient,Antony Nikolaus,antony.nikolaus@gmail.com,antony2026
Patient,Anya Mills,anya.mills@gmail.com,anya2026
Patient,Argelia Will,argelia.will@gmail.com,argelia2026
Patient,Ariel Berge,ariel.berge@gmail.com,ariel2026
Patient,Arline Rohan,arline.rohan@gmail.com,arline2026
Patient,Armando Stiedemann,armando.stiedemann@gmail.com,armando2026
Patient,Arnette Schamberger,arnette.schamberger@gmail.com,arnette2026
Patient,Arron Morar,arron.morar@gmail.com,arron2026
Patient,Art Lesch,art.lesch@gmail.com,art2026
Patient,Ashton Mitchell,ashton.mitchell@gmail.com,ashton2026
Patient,Asuncion Heidenreich,asuncion.heidenreich@gmail.com,asuncion2026
Patient,Augustine Gorczany,augustine.gorczany@gmail.com,augustine2026
Patient,Aurelio Wehner,aurelio.wehner@gmail.com,aurelio2026
Patient,Awilda McClure,awilda.mcclure@gmail.com,awilda2026
Patient,Ayanna Krajcik,ayanna.krajcik@gmail.com,ayanna2026
Patient,Barbara Acevedo,barbara.acevedo@gmail.com,barbara2026
Patient,Barney Ledner,barney.ledner@gmail.com,barney2026
Patient,Beatriz Urías,beatriz.uras@gmail.com,beatriz2026
Patient,Bee Jacobi,bee.jacobi@gmail.com,bee2026
Patient,Bee Macejkovic,bee.macejkovic@gmail.com,bee2026
Patient,Benny Tillman,benny.tillman@gmail.com,benny2026
Patient,Betsey Funk,betsey.funk@gmail.com,betsey2026
Patient,Betsy Bashirian,betsy.bashirian@gmail.com,betsy2026
Patient,Betsy Morissette,betsy.morissette@gmail.com,betsy2026
Patient,Bibi Stoltenberg,bibi.stoltenberg@gmail.com,bibi2026
Patient,Billie Grady,billie.grady@gmail.com,billie2026
Patient,Birgit Maggio,birgit.maggio@gmail.com,birgit2026
Patient,Bob Waelchi,bob.waelchi@gmail.com,bob2026
Patient,Bonita Bernier,bonita.bernier@gmail.com,bonita2026
Patient,Booker Brown,booker.brown@gmail.com,booker2026
Patient,Brain Wuckert,brain.wuckert@gmail.com,brain2026
Patient,Brande Jerde,brande.jerde@gmail.com,brande2026
Patient,Breanne Leffler,breanne.leffler@gmail.com,breanne2026
Patient,Brendan Grady,brendan.grady@gmail.com,brendan2026
Patient,Brent Metz,brent.metz@gmail.com,brent2026
Patient,Brett Heathcote,brett.heathcote@gmail.com,brett2026
Patient,Brice Stark,brice.stark@gmail.com,brice2026
Patient,Brock Paucek,brock.paucek@gmail.com,brock2026
Patient,Brooks Rowe,brooks.rowe@gmail.com,brooks2026
Patient,Caleb Nienow,caleb.nienow@gmail.com,caleb2026
Patient,Calvin Schiller,calvin.schiller@gmail.com,calvin2026
Patient,Camille O'Kon,camille.okon@gmail.com,camille2026
Patient,Carita Larson,carita.larson@gmail.com,carita2026
Patient,Carl Kunze,carl.kunze@gmail.com,carl2026
Patient,Carlos Mayert,carlos.mayert@gmail.com,carlos2026
Patient,Carman Wyman,carman.wyman@gmail.com,carman2026
Patient,Carmelina Morissette,carmelina.morissette@gmail.com,carmelina2026
Patient,Carmine Schinner,carmine.schinner@gmail.com,carmine2026
Patient,Carol Lesch,carol.lesch@gmail.com,carol2026
Patient,Carole Konopelski,carole.konopelski@gmail.com,carole2026
Patient,Carrol Bogisich,carrol.bogisich@gmail.com,carrol2026
Patient,Carroll Hirthe,carroll.hirthe@gmail.com,carroll2026
Patient,Casey Jacobi,casey.jacobi@gmail.com,casey2026
Patient,Cathi Hodkiewicz,cathi.hodkiewicz@gmail.com,cathi2026
Patient,Cathryn Reynolds,cathryn.reynolds@gmail.com,cathryn2026
Patient,Cecilia Arroyo,cecilia.arroyo@gmail.com,cecilia2026
Patient,Chan Hartmann,chan.hartmann@gmail.com,chan2026
Patient,Chanel Emmerich,chanel.emmerich@gmail.com,chanel2026
Patient,Chanell Skiles,chanell.skiles@gmail.com,chanell2026
Patient,Chantal Moore,chantal.moore@gmail.com,chantal2026
Patient,Chantel Grady,chantel.grady@gmail.com,chantel2026
Patient,Chara MacGyver,chara.macgyver@gmail.com,chara2026
Patient,Charlott Ryan,charlott.ryan@gmail.com,charlott2026
Patient,Chauncey Baumbach,chauncey.baumbach@gmail.com,chauncey2026
Patient,Cher Becker,cher.becker@gmail.com,cher2026
Patient,Chong Boehm,chong.boehm@gmail.com,chong2026
Patient,Christen Aufderhar,christen.aufderhar@gmail.com,christen2026
Patient,Christen Cartwright,christen.cartwright@gmail.com,christen2026
Patient,Christia Ritchie,christia.ritchie@gmail.com,christia2026
Patient,Chung Stoltenberg,chung.stoltenberg@gmail.com,chung2026
Patient,Ciara Effertz,ciara.effertz@gmail.com,ciara2026
Patient,Claire Lakin,claire.lakin@gmail.com,claire2026
Patient,Claude Nikolaus,claude.nikolaus@gmail.com,claude2026
Patient,Clay Gleason,clay.gleason@gmail.com,clay2026
Patient,Cletus Bartell,cletus.bartell@gmail.com,cletus2026
Patient,Concha Adams,concha.adams@gmail.com,concha2026
Patient,Cornelia Gibson,cornelia.gibson@gmail.com,cornelia2026
Patient,Cory Corkery,cory.corkery@gmail.com,cory2026
Patient,Cristen Hammes,cristen.hammes@gmail.com,cristen2026
Patient,Cruz Okuneva,cruz.okuneva@gmail.com,cruz2026
Patient,Curt Schmidt,curt.schmidt@gmail.com,curt2026
Patient,Cyrus Schuster,cyrus.schuster@gmail.com,cyrus2026
Patient,Dalton Marks,dalton.marks@gmail.com,dalton2026
Patient,Damian Trantow,damian.trantow@gmail.com,damian2026
Patient,Damien Konopelski,damien.konopelski@gmail.com,damien2026
Patient,Damien Orn,damien.orn@gmail.com,damien2026
Patient,Dan Tromp,dan.tromp@gmail.com,dan2026
Patient,Danette Stehr,danette.stehr@gmail.com,danette2026
Patient,Daniela Hagenes,daniela.hagenes@gmail.com,daniela2026
Patient,Darin Williamson,darin.williamson@gmail.com,darin2026
Patient,Darla Hoppe,darla.hoppe@gmail.com,darla2026
Patient,Darline Ondricka,darline.ondricka@gmail.com,darline2026
Patient,Darrel O'Reilly,darrel.oreilly@gmail.com,darrel2026
Patient,Darrell Pollich,darrell.pollich@gmail.com,darrell2026
Patient,Darryl Collins,darryl.collins@gmail.com,darryl2026
Patient,Deidra Rosenbaum,deidra.rosenbaum@gmail.com,deidra2026
Patient,Deirdre Langosh,deirdre.langosh@gmail.com,deirdre2026
Patient,Delfina Parisian,delfina.parisian@gmail.com,delfina2026
Patient,Delmy Shanahan,delmy.shanahan@gmail.com,delmy2026
Patient,Demetra Jaskolski,demetra.jaskolski@gmail.com,demetra2026
Patient,Demetrice Collier,demetrice.collier@gmail.com,demetrice2026
Patient,Denny Watsica,denny.watsica@gmail.com,denny2026
Patient,Derick Hackett,derick.hackett@gmail.com,derick2026
Patient,Devon Bernhard,devon.bernhard@gmail.com,devon2026
Patient,Dewitt Bernier,dewitt.bernier@gmail.com,dewitt2026
Patient,Diann Kub,diann.kub@gmail.com,diann2026
Patient,Dino Huel,dino.huel@gmail.com,dino2026
Patient,Dino Kulas,dino.kulas@gmail.com,dino2026
Patient,Dino Schultz,dino.schultz@gmail.com,dino2026
Patient,Dirk Stehr,dirk.stehr@gmail.com,dirk2026
Patient,Dominga Kuphal,dominga.kuphal@gmail.com,dominga2026
Patient,Donetta Bradtke,donetta.bradtke@gmail.com,donetta2026
Patient,Donnell Kshlerin,donnell.kshlerin@gmail.com,donnell2026
Patient,Donny Howe,donny.howe@gmail.com,donny2026
Patient,Dori Orn,dori.orn@gmail.com,dori2026
Patient,Dorotea Botello,dorotea.botello@gmail.com,dorotea2026
Patient,Dovie Fay,dovie.fay@gmail.com,dovie2026
Patient,Drucilla Kshlerin,drucilla.kshlerin@gmail.com,drucilla2026
Patient,Earle Balistreri,earle.balistreri@gmail.com,earle2026
Patient,Edythe Morar,edythe.morar@gmail.com,edythe2026
Patient,Elana Herman,elana.herman@gmail.com,elana2026
Patient,Elena Otero,elena.otero@gmail.com,elena2026
Patient,Eleni Hilpert,eleni.hilpert@gmail.com,eleni2026
Patient,Elenora Buckridge,elenora.buckridge@gmail.com,elenora2026
Patient,Ellen Parker,ellen.parker@gmail.com,ellen2026
Patient,Ellena Jerde,ellena.jerde@gmail.com,ellena2026
Patient,Eloise Gerhold,eloise.gerhold@gmail.com,eloise2026
Patient,Elvin Senger,elvin.senger@gmail.com,elvin2026
Patient,Elwood Gottlieb,elwood.gottlieb@gmail.com,elwood2026
Patient,Elwood Lindgren,elwood.lindgren@gmail.com,elwood2026
Patient,Elza Johnson,elza.johnson@gmail.com,elza2026
Patient,Ema Bosco,ema.bosco@gmail.com,ema2026
Patient,Emerson Frami,emerson.frami@gmail.com,emerson2026
Patient,Emilia Uribe,emilia.uribe@gmail.com,emilia2026
Patient,Emilie Nader,emilie.nader@gmail.com,emilie2026
Patient,Emilio Partida,emilio.partida@gmail.com,emilio2026
Patient,Epifania Lemke,epifania.lemke@gmail.com,epifania2026
Patient,Erich Gulgowski,erich.gulgowski@gmail.com,erich2026
Patient,Erline Metz,erline.metz@gmail.com,erline2026
Patient,Erminia Lebsack,erminia.lebsack@gmail.com,erminia2026
Patient,Erna Robel,erna.robel@gmail.com,erna2026
Patient,Esteban Moore,esteban.moore@gmail.com,esteban2026
Patient,Esther Runolfsson,esther.runolfsson@gmail.com,esther2026
Patient,Ethan Smitham,ethan.smitham@gmail.com,ethan2026
Patient,Ethelyn Vandervort,ethelyn.vandervort@gmail.com,ethelyn2026
Patient,Etta Sporer,etta.sporer@gmail.com,etta2026
Patient,Eugene Heller,eugene.heller@gmail.com,eugene2026
Patient,Eva Soria,eva.soria@gmail.com,eva2026
Patient,Ezequiel Gulgowski,ezequiel.gulgowski@gmail.com,ezequiel2026
Patient,Ezra Mertz,ezra.mertz@gmail.com,ezra2026
Patient,Fabian Champlin,fabian.champlin@gmail.com,fabian2026
Patient,Fatima Sauer,fatima.sauer@gmail.com,fatima2026
Patient,Felicitas Kovacek,felicitas.kovacek@gmail.com,felicitas2026
Patient,Felton Pouros,felton.pouros@gmail.com,felton2026
Patient,Fernando Klein,fernando.klein@gmail.com,fernando2026
Patient,Filomena Miller,filomena.miller@gmail.com,filomena2026
Patient,Florencia Ontiveros,florencia.ontiveros@gmail.com,florencia2026
Patient,Forrest Paucek,forrest.paucek@gmail.com,forrest2026
Patient,Francisca Hammes,francisca.hammes@gmail.com,francisca2026
Patient,Francisco Lynch,francisco.lynch@gmail.com,francisco2026
Patient,Fredda Larkin,fredda.larkin@gmail.com,fredda2026
Patient,Freddie Erdman,freddie.erdman@gmail.com,freddie2026
Patient,Frieda Homenick,frieda.homenick@gmail.com,frieda2026
Patient,Gabriel Villalpando,gabriel.villalpando@gmail.com,gabriel2026
Patient,Garfield Waters,garfield.waters@gmail.com,garfield2026
Patient,Gayla Purdy,gayla.purdy@gmail.com,gayla2026
Patient,Georgene Romaguera,georgene.romaguera@gmail.com,georgene2026
Patient,Georgiann Heaney,georgiann.heaney@gmail.com,georgiann2026
Patient,Gerardo Herman,gerardo.herman@gmail.com,gerardo2026
Patient,Gerda Lind,gerda.lind@gmail.com,gerda2026
Patient,Geri Padberg,geri.padberg@gmail.com,geri2026
Patient,Gladys Wuckert,gladys.wuckert@gmail.com,gladys2026
Patient,Golda Green,golda.green@gmail.com,golda2026
Patient,Guillermo Vallejo,guillermo.vallejo@gmail.com,guillermo2026
Patient,Guillermo Wiegand,guillermo.wiegand@gmail.com,guillermo2026
Patient,Gus Roob,gus.roob@gmail.com,gus2026
Patient,Gustavo Rael,gustavo.rael@gmail.com,gustavo2026
Patient,Hank Reichert,hank.reichert@gmail.com,hank2026
Patient,Haywood Schroeder,haywood.schroeder@gmail.com,haywood2026
Patient,Helga Abshire,helga.abshire@gmail.com,helga2026
Patient,Henry Gottlieb,henry.gottlieb@gmail.com,henry2026
Patient,Herbert Pouros,herbert.pouros@gmail.com,herbert2026
Patient,Hiedi Mills,hiedi.mills@gmail.com,hiedi2026
Patient,Hilario Stroman,hilario.stroman@gmail.com,hilario2026
Patient,Hollis Wisoky,hollis.wisoky@gmail.com,hollis2026
Patient,Hubert Dickinson,hubert.dickinson@gmail.com,hubert2026
Patient,Hulda Pouros,hulda.pouros@gmail.com,hulda2026
Patient,Hulda Reichel,hulda.reichel@gmail.com,hulda2026
Patient,Ian Ledner,ian.ledner@gmail.com,ian2026
Patient,Illa Kuphal,illa.kuphal@gmail.com,illa2026
Patient,Ilona Graham,ilona.graham@gmail.com,ilona2026
Patient,Ina Oberbrunner,ina.oberbrunner@gmail.com,ina2026
Patient,Irene Bétancourt,irene.btancourt@gmail.com,irene2026
Patient,Isaac Davis,isaac.davis@gmail.com,isaac2026
Patient,Isabelle Runte,isabelle.runte@gmail.com,isabelle2026
Patient,Isabelle Wiza,isabelle.wiza@gmail.com,isabelle2026
Patient,Isiah Jacobs,isiah.jacobs@gmail.com,isiah2026
Patient,Ivory Mueller,ivory.mueller@gmail.com,ivory2026
Patient,Ivy Strosin,ivy.strosin@gmail.com,ivy2026
Patient,Jack Barton,jack.barton@gmail.com,jack2026
Patient,Jackelyn Ledner,jackelyn.ledner@gmail.com,jackelyn2026
Patient,Jackie Runolfsson,jackie.runolfsson@gmail.com,jackie2026
Patient,Jackson Veum,jackson.veum@gmail.com,jackson2026
Patient,Jacquelynn Morar,jacquelynn.morar@gmail.com,jacquelynn2026
Patient,Jamal Schmitt,jamal.schmitt@gmail.com,jamal2026
Patient,Jamie Luettgen,jamie.luettgen@gmail.com,jamie2026
Patient,Janeth Grant,janeth.grant@gmail.com,janeth2026
Patient,Janna Shanahan,janna.shanahan@gmail.com,janna2026
Patient,January Ledner,january.ledner@gmail.com,january2026
Patient,Javier Greenfelder,javier.greenfelder@gmail.com,javier2026
Patient,Javier Tijerina,javier.tijerina@gmail.com,javier2026
Patient,Jeff Wehner,jeff.wehner@gmail.com,jeff2026
Patient,Jeffery Brakus,jeffery.brakus@gmail.com,jeffery2026
Patient,Jenice O'Conner,jenice.oconner@gmail.com,jenice2026
Patient,Jennette Kemmer,jennette.kemmer@gmail.com,jennette2026
Patient,Jennie Leuschke,jennie.leuschke@gmail.com,jennie2026
Patient,Jenny Krajcik,jenny.krajcik@gmail.com,jenny2026
Patient,Jeremy Witting,jeremy.witting@gmail.com,jeremy2026
Patient,Jerica Glover,jerica.glover@gmail.com,jerica2026
Patient,Jerica Pfeffer,jerica.pfeffer@gmail.com,jerica2026
Patient,Jermaine McClure,jermaine.mcclure@gmail.com,jermaine2026
Patient,Jerome Kihn,jerome.kihn@gmail.com,jerome2026
Patient,Jerrell Fahey,jerrell.fahey@gmail.com,jerrell2026
Patient,Jerrold Herzog,jerrold.herzog@gmail.com,jerrold2026
Patient,Jesse Senger,jesse.senger@gmail.com,jesse2026
Patient,Joaquina Boyle,joaquina.boyle@gmail.com,joaquina2026
Patient,Joey Stoltenberg,joey.stoltenberg@gmail.com,joey2026
Patient,Johana Wunsch,johana.wunsch@gmail.com,johana2026
Patient,Johnie Tremblay,johnie.tremblay@gmail.com,johnie2026
Patient,Johnny Blick,johnny.blick@gmail.com,johnny2026
Patient,Jorge Boyer,jorge.boyer@gmail.com,jorge2026
Patient,Jorge Kertzmann,jorge.kertzmann@gmail.com,jorge2026
Patient,Josefina Deckow,josefina.deckow@gmail.com,josefina2026
Patient,Joseph Stiedemann,joseph.stiedemann@gmail.com,joseph2026
Patient,Jospeh Gerhold,jospeh.gerhold@gmail.com,jospeh2026
Patient,Jospeh Mann,jospeh.mann@gmail.com,jospeh2026
Patient,José Emilio Cadena,josemilio.cadena@gmail.com,josemilio2026
Patient,José Emilio Niño,josemilio.nio@gmail.com,josemilio2026
Patient,Joya Hagenes,joya.hagenes@gmail.com,joya2026
Patient,Juana Duarte,juana.duarte@gmail.com,juana2026
Patient,Judi Russel,judi.russel@gmail.com,judi2026
Patient,Julieta Schmitt,julieta.schmitt@gmail.com,julieta2026
Patient,Kaitlyn Heathcote,kaitlyn.heathcote@gmail.com,kaitlyn2026
Patient,Kari Douglas,kari.douglas@gmail.com,kari2026
Patient,Karma Klocko,karma.klocko@gmail.com,karma2026
Patient,Katharyn Toy,katharyn.toy@gmail.com,katharyn2026
Patient,Katlyn Hyatt,katlyn.hyatt@gmail.com,katlyn2026
Patient,Kayce Friesen,kayce.friesen@gmail.com,kayce2026
Patient,Kaye Mayert,kaye.mayert@gmail.com,kaye2026
Patient,Kayleen Spencer,kayleen.spencer@gmail.com,kayleen2026
Patient,Keena Balistreri,keena.balistreri@gmail.com,keena2026
Patient,Kelley Lockman,kelley.lockman@gmail.com,kelley2026
Patient,Kenton Lowe,kenton.lowe@gmail.com,kenton2026
Patient,Kenyetta Nader,kenyetta.nader@gmail.com,kenyetta2026
Patient,Kiersten Parker,kiersten.parker@gmail.com,kiersten2026
Patient,Kieth Hermann,kieth.hermann@gmail.com,kieth2026
Patient,Kim Barton,kim.barton@gmail.com,kim2026
Patient,Kimbra Bogan,kimbra.bogan@gmail.com,kimbra2026
Patient,Kirk Gaylord,kirk.gaylord@gmail.com,kirk2026
Patient,Kit Hills,kit.hills@gmail.com,kit2026
Patient,Kiyoko Reilly,kiyoko.reilly@gmail.com,kiyoko2026
Patient,Kizzie Hickle,kizzie.hickle@gmail.com,kizzie2026
Patient,Kizzy Daniel,kizzy.daniel@gmail.com,kizzy2026
Patient,Kizzy Lubowitz,kizzy.lubowitz@gmail.com,kizzy2026
Patient,Kori Gleichner,kori.gleichner@gmail.com,kori2026
Patient,Kristeen Paucek,kristeen.paucek@gmail.com,kristeen2026
Patient,Kristen Gulgowski,kristen.gulgowski@gmail.com,kristen2026
Patient,Kristi Anderson,kristi.anderson@gmail.com,kristi2026
Patient,Kristian Windler,kristian.windler@gmail.com,kristian2026
Patient,Kristopher Ledner,kristopher.ledner@gmail.com,kristopher2026
Patient,Kyle Towne,kyle.towne@gmail.com,kyle2026
Patient,Kyra Pagac,kyra.pagac@gmail.com,kyra2026
Patient,Lachelle Tillman,lachelle.tillman@gmail.com,lachelle2026
Patient,Lakeesha Romaguera,lakeesha.romaguera@gmail.com,lakeesha2026
Patient,Lance Daugherty,lance.daugherty@gmail.com,lance2026
Patient,Lanie Zemlak,lanie.zemlak@gmail.com,lanie2026
Patient,Lashandra Ankunding,lashandra.ankunding@gmail.com,lashandra2026
Patient,Lashaun Leannon,lashaun.leannon@gmail.com,lashaun2026
Patient,Lashonda Klein,lashonda.klein@gmail.com,lashonda2026
Patient,Laurena Leuschke,laurena.leuschke@gmail.com,laurena2026
Patient,Lavera Reilly,lavera.reilly@gmail.com,lavera2026
Patient,Lavern O'Kon,lavern.okon@gmail.com,lavern2026
Patient,Lavette Miller,lavette.miller@gmail.com,lavette2026
Patient,Lavinia Heaney,lavinia.heaney@gmail.com,lavinia2026
Patient,Lavone Swaniawski,lavone.swaniawski@gmail.com,lavone2026
Patient,Lawrence Boyer,lawrence.boyer@gmail.com,lawrence2026
Patient,Lawrence Lueilwitz,lawrence.lueilwitz@gmail.com,lawrence2026
Patient,Lazaro Greenfelder,lazaro.greenfelder@gmail.com,lazaro2026
Patient,Lean Barrows,lean.barrows@gmail.com,lean2026
Patient,Leana Keeling,leana.keeling@gmail.com,leana2026
Patient,Leda Lemke,leda.lemke@gmail.com,leda2026
Patient,Leda Swaniawski,leda.swaniawski@gmail.com,leda2026
Patient,Leif Rath,leif.rath@gmail.com,leif2026
Patient,Leland Runolfsdottir,leland.runolfsdottir@gmail.com,leland2026
Patient,Lenard Carroll,lenard.carroll@gmail.com,lenard2026
Patient,Lenora Cartwright,lenora.cartwright@gmail.com,lenora2026
Patient,Leonardo Effertz,leonardo.effertz@gmail.com,leonardo2026
Patient,Leonie Koelpin,leonie.koelpin@gmail.com,leonie2026
Patient,Leonie Monahan,leonie.monahan@gmail.com,leonie2026
Patient,Lila Weber,lila.weber@gmail.com,lila2026
Patient,Lin Powlowski,lin.powlowski@gmail.com,lin2026
Patient,Loretta Bosco,loretta.bosco@gmail.com,loretta2026
Patient,Lou Crooks,lou.crooks@gmail.com,lou2026
Patient,Louis Senger,louis.senger@gmail.com,louis2026
Patient,Luci Murphy,luci.murphy@gmail.com,luci2026
Patient,Luciano Bode,luciano.bode@gmail.com,luciano2026
Patient,Lucio Smith,lucio.smith@gmail.com,lucio2026
Patient,Lucius Abernathy,lucius.abernathy@gmail.com,lucius2026
Patient,Lucius Gerlach,lucius.gerlach@gmail.com,lucius2026
Patient,Lyle Abshire,lyle.abshire@gmail.com,lyle2026
Patient,Lynetta Hahn,lynetta.hahn@gmail.com,lynetta2026
Patient,Lynsey Rath,lynsey.rath@gmail.com,lynsey2026
Patient,Mabelle Nienow,mabelle.nienow@gmail.com,mabelle2026
Patient,Macy Stroman,macy.stroman@gmail.com,macy2026
Patient,Magdalene Orn,magdalene.orn@gmail.com,magdalene2026
Patient,Malcom Lang,malcom.lang@gmail.com,malcom2026
Patient,Malena Bashirian,malena.bashirian@gmail.com,malena2026
Patient,Mallory Lynch,mallory.lynch@gmail.com,mallory2026
Patient,Man Howell,man.howell@gmail.com,man2026
Patient,Man Kassulke,man.kassulke@gmail.com,man2026
Patient,Manda Crist,manda.crist@gmail.com,manda2026
Patient,Mandy McClure,mandy.mcclure@gmail.com,mandy2026
Patient,Manual Morissette,manual.morissette@gmail.com,manual2026
Patient,Marcela Almonte,marcela.almonte@gmail.com,marcela2026
Patient,Mardell Legros,mardell.legros@gmail.com,mardell2026
Patient,Margarite Boyer,margarite.boyer@gmail.com,margarite2026
Patient,Margart Keebler,margart.keebler@gmail.com,margart2026
Patient,Margie Hermiston,margie.hermiston@gmail.com,margie2026
Patient,Margorie Stoltenberg,margorie.stoltenberg@gmail.com,margorie2026
Patient,Maribel Haley,maribel.haley@gmail.com,maribel2026
Patient,Mariette Gusikowski,mariette.gusikowski@gmail.com,mariette2026
Patient,Marilyn Zieme,marilyn.zieme@gmail.com,marilyn2026
Patient,Marisol Hilll,marisol.hilll@gmail.com,marisol2026
Patient,Marjory Beatty,marjory.beatty@gmail.com,marjory2026
Patient,Marty Nader,marty.nader@gmail.com,marty2026
Patient,Marvella Paucek,marvella.paucek@gmail.com,marvella2026
Patient,Mary Macejkovic,mary.macejkovic@gmail.com,mary2026
Patient,Marylin Sipes,marylin.sipes@gmail.com,marylin2026
Patient,Marylyn Botsford,marylyn.botsford@gmail.com,marylyn2026
Patient,Mason Hettinger,mason.hettinger@gmail.com,mason2026
Patient,Maud Balistreri,maud.balistreri@gmail.com,maud2026
Patient,Maud Rodriguez,maud.rodriguez@gmail.com,maud2026
Patient,Maximina Lehner,maximina.lehner@gmail.com,maximina2026
Patient,Maxwell Littel,maxwell.littel@gmail.com,maxwell2026
Patient,Mayme Walter,mayme.walter@gmail.com,mayme2026
Patient,Mel Labadie,mel.labadie@gmail.com,mel2026
Patient,Melodie Cormier,melodie.cormier@gmail.com,melodie2026
Patient,Merlin Paucek,merlin.paucek@gmail.com,merlin2026
Patient,Merrill Jones,merrill.jones@gmail.com,merrill2026
Patient,Mi Homenick,mi.homenick@gmail.com,mi2026
Patient,Micaela Cordero,micaela.cordero@gmail.com,micaela2026
Patient,Micheal Shields,micheal.shields@gmail.com,micheal2026
Patient,Michele Keeling,michele.keeling@gmail.com,michele2026
Patient,Mickey Oberbrunner,mickey.oberbrunner@gmail.com,mickey2026
Patient,Miki Gerhold,miki.gerhold@gmail.com,miki2026
Patient,Milagros Douglas,milagros.douglas@gmail.com,milagros2026
Patient,Milagros Hills,milagros.hills@gmail.com,milagros2026
Patient,Milan Roob,milan.roob@gmail.com,milan2026
Patient,Milton Effertz,milton.effertz@gmail.com,milton2026
Patient,Milton Ortiz,milton.ortiz@gmail.com,milton2026
Patient,Miquel Hettinger,miquel.hettinger@gmail.com,miquel2026
Patient,Miss Reichert,miss.reichert@gmail.com,miss2026
Patient,Mitch Stark,mitch.stark@gmail.com,mitch2026
Patient,Moira McLaughlin,moira.mclaughlin@gmail.com,moira2026
Patient,Monica Nikolaus,monica.nikolaus@gmail.com,monica2026
Patient,Monroe Streich,monroe.streich@gmail.com,monroe2026
Patient,Moon Ledner,moon.ledner@gmail.com,moon2026
Patient,Nanci Kreiger,nanci.kreiger@gmail.com,nanci2026
Patient,Napoleon Fay,napoleon.fay@gmail.com,napoleon2026
Patient,Ned Emmerich,ned.emmerich@gmail.com,ned2026
Patient,Neoma Halvorson,neoma.halvorson@gmail.com,neoma2026
Patient,Nery Zemlak,nery.zemlak@gmail.com,nery2026
Patient,Neta Morar,neta.morar@gmail.com,neta2026
Patient,Nicholas Heaney,nicholas.heaney@gmail.com,nicholas2026
Patient,Nick Botsford,nick.botsford@gmail.com,nick2026
Patient,Nieves Strosin,nieves.strosin@gmail.com,nieves2026
Patient,Nita McLaughlin,nita.mclaughlin@gmail.com,nita2026
Patient,Noel Quigley,noel.quigley@gmail.com,noel2026
Patient,Nona Satterfield,nona.satterfield@gmail.com,nona2026
Patient,Noriko Herman,noriko.herman@gmail.com,noriko2026
Patient,Nova Blanda,nova.blanda@gmail.com,nova2026
Patient,Numbers McClure,numbers.mcclure@gmail.com,numbers2026
Patient,Odell O'Kon,odell.okon@gmail.com,odell2026
Patient,Odis Veum,odis.veum@gmail.com,odis2026
Patient,Olen O'Reilly,olen.oreilly@gmail.com,olen2026
Patient,Olimpia Rolfson,olimpia.rolfson@gmail.com,olimpia2026
Patient,Olivia Lovato,olivia.lovato@gmail.com,olivia2026
Patient,Oneida Stokes,oneida.stokes@gmail.com,oneida2026
Patient,Oneida Tromp,oneida.tromp@gmail.com,oneida2026
Patient,Oralia Williamson,oralia.williamson@gmail.com,oralia2026
Patient,Otis Koelpin,otis.koelpin@gmail.com,otis2026
Patient,Ozell Tromp,ozell.tromp@gmail.com,ozell2026
Patient,Ozella Ortiz,ozella.ortiz@gmail.com,ozella2026
Patient,Pablo Rojo,pablo.rojo@gmail.com,pablo2026
Patient,Pablo Schulist,pablo.schulist@gmail.com,pablo2026
Patient,Palma Mann,palma.mann@gmail.com,palma2026
Patient,Parker Hauck,parker.hauck@gmail.com,parker2026
Patient,Pattie Feest,pattie.feest@gmail.com,pattie2026
Patient,Pattie West,pattie.west@gmail.com,pattie2026
Patient,Pei Williamson,pei.williamson@gmail.com,pei2026
Patient,Phillis Walter,phillis.walter@gmail.com,phillis2026
Patient,Phuong Lynch,phuong.lynch@gmail.com,phuong2026
Patient,Pierre Collins,pierre.collins@gmail.com,pierre2026
Patient,Ping Abbott,ping.abbott@gmail.com,ping2026
Patient,Porsha Spencer,porsha.spencer@gmail.com,porsha2026
Patient,Ralph Herzog,ralph.herzog@gmail.com,ralph2026
Patient,Randal Herman,randal.herman@gmail.com,randal2026
Patient,Randal Robel,randal.robel@gmail.com,randal2026
Patient,Refugio Ratke,refugio.ratke@gmail.com,refugio2026
Patient,Regenia Gibson,regenia.gibson@gmail.com,regenia2026
Patient,Rene Wisoky,rene.wisoky@gmail.com,rene2026
Patient,Renee Hilll,renee.hilll@gmail.com,renee2026
Patient,Reta Koch,reta.koch@gmail.com,reta2026
Patient,Rex Bailey,rex.bailey@gmail.com,rex2026
Patient,Ricardo Stracke,ricardo.stracke@gmail.com,ricardo2026
Patient,Rickie Nienow,rickie.nienow@gmail.com,rickie2026
Patient,Robbin Green,robbin.green@gmail.com,robbin2026
Patient,Robin Reilly,robin.reilly@gmail.com,robin2026
Patient,Rod Franecki,rod.franecki@gmail.com,rod2026
Patient,Rodney Koelpin,rodney.koelpin@gmail.com,rodney2026
Patient,Romeo Toy,romeo.toy@gmail.com,romeo2026
Patient,Rosario Brekke,rosario.brekke@gmail.com,rosario2026
Patient,Roscoe Marquardt,roscoe.marquardt@gmail.com,roscoe2026
Patient,Roseanna Mayer,roseanna.mayer@gmail.com,roseanna2026
Patient,Ross Willms,ross.willms@gmail.com,ross2026
Patient,Roxy Reichert,roxy.reichert@gmail.com,roxy2026
Patient,Ruby Cole,ruby.cole@gmail.com,ruby2026
Patient,Russell Robel,russell.robel@gmail.com,russell2026
Patient,Sal Hoppe,sal.hoppe@gmail.com,sal2026
Patient,Salvador Ozuna,salvador.ozuna@gmail.com,salvador2026
Patient,Salvador Tromp,salvador.tromp@gmail.com,salvador2026
Patient,Sammie Mosciski,sammie.mosciski@gmail.com,sammie2026
Patient,Santina Kub,santina.kub@gmail.com,santina2026
Patient,Sasha Renner,sasha.renner@gmail.com,sasha2026
Patient,Scarlet Gaylord,scarlet.gaylord@gmail.com,scarlet2026
Patient,Scarlett Breitenberg,scarlett.breitenberg@gmail.com,scarlett2026
Patient,Scottie Fritsch,scottie.fritsch@gmail.com,scottie2026
Patient,Shakira Haag,shakira.haag@gmail.com,shakira2026
Patient,Shandi Russel,shandi.russel@gmail.com,shandi2026
Patient,Shannon Fisher,shannon.fisher@gmail.com,shannon2026
Patient,Sharleen Cronin,sharleen.cronin@gmail.com,sharleen2026
Patient,Sharlene D'Amore,sharlene.damore@gmail.com,sharlene2026
Patient,Shaun Dickens,shaun.dickens@gmail.com,shaun2026
Patient,Shaun Franecki,shaun.franecki@gmail.com,shaun2026
Patient,Shaun Jenkins,shaun.jenkins@gmail.com,shaun2026
Patient,Shavonne Barton,shavonne.barton@gmail.com,shavonne2026
Patient,Shelba Dicki,shelba.dicki@gmail.com,shelba2026
Patient,Shelby Muller,shelby.muller@gmail.com,shelby2026
Patient,Sheldon Kutch,sheldon.kutch@gmail.com,sheldon2026
Patient,Shena Larkin,shena.larkin@gmail.com,shena2026
Patient,Sherry Barrows,sherry.barrows@gmail.com,sherry2026
Patient,Sherwood Glover,sherwood.glover@gmail.com,sherwood2026
Patient,Shirlene Pfeffer,shirlene.pfeffer@gmail.com,shirlene2026
Patient,Shonna Cassin,shonna.cassin@gmail.com,shonna2026
Patient,Shonta Dickinson,shonta.dickinson@gmail.com,shonta2026
Patient,Sierra Kohler,sierra.kohler@gmail.com,sierra2026
Patient,Sierra Marquardt,sierra.marquardt@gmail.com,sierra2026
Patient,Silvia Pichardo,silvia.pichardo@gmail.com,silvia2026
Patient,Siu Konopelski,siu.konopelski@gmail.com,siu2026
Patient,Sofia Mesa,sofia.mesa@gmail.com,sofia2026
Patient,Solomon Moore,solomon.moore@gmail.com,solomon2026
Patient,Son Lehner,son.lehner@gmail.com,son2026
Patient,Son Rodriguez,son.rodriguez@gmail.com,son2026
Patient,Soraya White,soraya.white@gmail.com,soraya2026
Patient,Starla Collier,starla.collier@gmail.com,starla2026
Patient,Stephan Krajcik,stephan.krajcik@gmail.com,stephan2026
Patient,Stephen Daniel,stephen.daniel@gmail.com,stephen2026
Patient,Stevie Wolff,stevie.wolff@gmail.com,stevie2026
Patient,Stormy Gulgowski,stormy.gulgowski@gmail.com,stormy2026
Patient,Sung Weber,sung.weber@gmail.com,sung2026
Patient,Susana Meléndez,susana.melndez@gmail.com,susana2026
Patient,Susie Tromp,susie.tromp@gmail.com,susie2026
Patient,Suzan Franecki,suzan.franecki@gmail.com,suzan2026
Patient,Sydney O'Hara,sydney.ohara@gmail.com,sydney2026
Patient,Tamar Jakubowski,tamar.jakubowski@gmail.com,tamar2026
Patient,Tashia Boehm,tashia.boehm@gmail.com,tashia2026
Patient,Tashina Runolfsdottir,tashina.runolfsdottir@gmail.com,tashina2026
Patient,Tawna Gorczany,tawna.gorczany@gmail.com,tawna2026
Patient,Teddy Batz,teddy.batz@gmail.com,teddy2026
Patient,Temple Bruen,temple.bruen@gmail.com,temple2026
Patient,Teresa Estévez,teresa.estvez@gmail.com,teresa2026
Patient,Teresita Little,teresita.little@gmail.com,teresita2026
Patient,Terrence Parisian,terrence.parisian@gmail.com,terrence2026
Patient,Thelma Bayer,thelma.bayer@gmail.com,thelma2026
Patient,Thi Wunsch,thi.wunsch@gmail.com,thi2026
Patient,Thomasena O'Conner,thomasena.oconner@gmail.com,thomasena2026
Patient,Thresa Mante,thresa.mante@gmail.com,thresa2026
Patient,Timothy Bayer,timothy.bayer@gmail.com,timothy2026
Patient,Tomiko Ratke,tomiko.ratke@gmail.com,tomiko2026
Patient,Tommye Simonis,tommye.simonis@gmail.com,tommye2026
Patient,Tona O'Keefe,tona.okeefe@gmail.com,tona2026
Patient,Tracy Kassulke,tracy.kassulke@gmail.com,tracy2026
Patient,Trevor Konopelski,trevor.konopelski@gmail.com,trevor2026
Patient,Trista Kertzmann,trista.kertzmann@gmail.com,trista2026
Patient,Tristan Zulauf,tristan.zulauf@gmail.com,tristan2026
Patient,Troy Jerde,troy.jerde@gmail.com,troy2026
Patient,Tyler Bergnaum,tyler.bergnaum@gmail.com,tyler2026
Patient,Tyrell Fadel,tyrell.fadel@gmail.com,tyrell2026
Patient,Tyson Bailey,tyson.bailey@gmail.com,tyson2026
Patient,Ula Beatty,ula.beatty@gmail.com,ula2026
Patient,Ula Goldner,ula.goldner@gmail.com,ula2026
Patient,Ula Medhurst,ula.medhurst@gmail.com,ula2026
Patient,Ulrike Bauch,ulrike.bauch@gmail.com,ulrike2026
Patient,Van Zieme,van.zieme@gmail.com,van2026
Patient,Vance Jakubowski,vance.jakubowski@gmail.com,vance2026
Patient,Verla Hamill,verla.hamill@gmail.com,verla2026
Patient,Veta Roob,veta.roob@gmail.com,veta2026
Patient,Vicente Gleason,vicente.gleason@gmail.com,vicente2026
Patient,Victoria Alva,victoria.alva@gmail.com,victoria2026
Patient,Virgil Farrell,virgil.farrell@gmail.com,virgil2026
Patient,Vita Bosco,vita.bosco@gmail.com,vita2026
Patient,Vito Toy,vito.toy@gmail.com,vito2026
Patient,Von Botsford,von.botsford@gmail.com,von2026
Patient,Warren Ullrich,warren.ullrich@gmail.com,warren2026
Patient,Weston Thompson,weston.thompson@gmail.com,weston2026
Patient,Wilford Hilpert,wilford.hilpert@gmail.com,wilford2026
Patient,Willodean Hyatt,willodean.hyatt@gmail.com,willodean2026
Patient,Winston Stamm,winston.stamm@gmail.com,winston2026
Patient,Yelena Kozey,yelena.kozey@gmail.com,yelena2026
Patient,Yevette Tillman,yevette.tillman@gmail.com,yevette2026
Patient,Yong Rodriguez,yong.rodriguez@gmail.com,yong2026
Patient,Yuriko Rogahn,yuriko.rogahn@gmail.com,yuriko2026
Patient,Zachariah Bergstrom,zachariah.bergstrom@gmail.com,zachariah2026
Patient,Zandra Kerluke,zandra.kerluke@gmail.com,zandra2026
Patient,Zona Koss,zona.koss@gmail.com,zona2026
